user_id,username,user_email,country,gender
1,bpotell0,ofomichkin0@noaa.gov,Sweden,Female
2,atrippack1,llooney1@csmonitor.com,Brazil,Male
3,ndelahunty2,iscoone2@tinypic.com,Portugal,Female
4,wribou3,cdevile3@discuz.net,Philippines,Male
5,wflemmich4,jharwood4@bbc.co.uk,Costa Rica,Male
6,kshawel5,lbredbury5@comsenz.com,Argentina,Male
7,ggrayley6,iblackader6@usa.gov,Yemen,Male
8,psteffan7,dgorman7@topsy.com,Russia,Male
9,tizakoff8,ewhitten8@foxnews.com,Ukraine,
10,aquantrell9,ekobiela9@mysql.com,Brazil,
11,nchelnama,ttwitchingsa@mediafire.com,Russia,Female
12,etrudgeonb,bborrieb@dell.com,Bulgaria,Female
13,gbruntonc,cleekc@seesaa.net,China,
14,jlutherd,afolkertsd@ebay.co.uk,French Guiana,Male
15,pcoytese,kjanouseke@bbb.org,Indonesia,Male
16,cwallsf,sstreaderf@blogtalkradio.com,Mauritius,Male
17,lbaggelleyg,jopferg@smugmug.com,Georgia,Male
18,edymenth,gcashmanh@weebly.com,Brazil,Male
19,ewaudbyi,rschimmangi@unicef.org,Palestinian Territory,Male
20,rjanaszewskij,ascobiej@mysql.com,Poland,Female
21,nplumk,wduffittk@xrea.com,Kenya,Female
22,ncardewl,nvideanl@spiegel.de,Brazil,Male
23,ypetrasekm,bflaunierm@shareasale.com,Japan,Female
24,hickovitzn,rcorlettn@skype.com,Brazil,Male
25,grickardeso,hwyardo@admin.ch,Russia,Female
26,klewardp,mmursellp@digg.com,Tunisia,Genderfluid
27,avandrielq,sdeambrosiq@theatlantic.com,China,Female
28,khebronr,bmistryr@deliciousdays.com,Philippines,Female
29,kivashkovs,cflawiths@forbes.com,Colombia,Female
30,ttitchent,vbradert@google.co.uk,Pakistan,Female
31,bdegenhardtu,rheathwoodu@toplist.cz,Armenia,
32,gpartenerv,gguidiniv@shop-pro.jp,Afghanistan,Female
33,djohnikinw,ktowellw@buzzfeed.com,Japan,Male
34,lmarzellox,mbussonx@nsw.gov.au,Philippines,Female
35,ohainesy,eschimpkey@hubpages.com,Portugal,Female
36,frelphz,aweatherleyz@whitehouse.gov,Netherlands,Female
37,doquirk10,klovett10@reddit.com,Czech Republic,Female
38,bdepke11,cwesker11@nationalgeographic.com,Russia,Bigender
39,bdumberrill12,gdelagnes12@washingtonpost.com,Uganda,Female
40,sleser13,dklausen13@admin.ch,China,Male
41,csmitton14,rstevenson14@blogs.com,Indonesia,Female
42,ggoodley15,jclendennen15@cnn.com,Finland,Female
43,eyglesias16,bduffitt16@creativecommons.org,South Africa,Male
44,rridd17,abiggam17@ehow.com,Sweden,Male
45,athorsby18,sjirsa18@furl.net,Indonesia,Male
46,fsummers19,amiche19@myspace.com,Zimbabwe,Genderqueer
47,czelner1a,cpoyner1a@mapy.cz,Canada,Male
48,mstockall1b,lrosenfeld1b@deviantart.com,Indonesia,Female
49,ileynham1c,rsandell1c@cbc.ca,Indonesia,Female
50,mocarran1d,bpiatti1d@github.io,United States,Male
